seq,district_group,district,project_name,available_units,area_seg,price_seg,finish_type,delivery_time,pros,cons
1,市内六区,河北区,中国铁建西派国印,10-50套,"高层,105,125,洋房133停售","一期现房105精装400万左右
125精装500万左右
二期
洋房133平米，停售",毛坯/精装,现房,现房，即买即住即落户，河北区昆一学校，书包房,价格高，可选性低，噪音问题。地铁远
17,市内六区,南开区,启航精英公寓,＞50套,"高层50-70平
高层70-82平
高层85平","高层50-70平：203万-250万
高层70-82平：246—290万
高层85平：280-290万",精装,精装现房,现房可选，便宜,公寓，年限问题，流通性问题
24,环城四区,北辰区,金汇云璟,＞50套,小高：87、99平；洋房97、128平,小高125-165万，洋房157-250万,精装,2025-12-31 00:00:00,价格合适，准现房，产品可选,开发商之前为金侨，出现过资金问题，项目品质不一定保障
28,环城四区,东丽区,天骥智谷,＞50套,高层：83/92/113㎡,"83㎡：58-60万
92㎡：65-70万
113㎡：71-80万",毛坯,现房,东丽湖环境不错，价格便宜，可选,四大湖众所周知，卖了N年还有房，配套一般
118,市内六区,南开区,保盈家园,10-50套,洋房91㎡、123㎡,"91平米的300万起
123平米的453万起",毛坯,现房,价格便宜，现房,还迁房品质，户型一般
36,环城四区,津南区,四季春晓,＞50套,洋房：78-115㎡,洋房78平126-140万 101平:170-180万 115平:185-195万,毛坯,2025.6.30,便宜，海教园,隔壁颐景园啊，墓地，海教园最南侧，阳光城 金科难兄难弟了
2,市内六区,河北区,中国铁建公馆189,10-50套,平层53平米/56平米/82平米101平米  loft53平米/56平米/,"平层55平63万起
平层82平79万起
平层100平99万起
loft53平67万起
loft56平74万起",精装,现房,户型多，现房。,公寓，年限问题，流通性问题
3,市内六区,河北区,北宁公元,＞50套,高层/88/97/106/119/130㎡," 88两室中户（210～220万）【剩2层，14层18层，顶层】
106边户（260万）【剩1/2/顶】
 97平米 中户（250～264）万(剩余4/14/18/20层）
119平米  银角（310万）万（剩余6/13/14/18/20/顶）
130平米  金角（350万）万 可选",毛坯,现房,价格便宜，地铁近，现房,可选性低，产品差，之前天房项目
4,市内六区,河东区,中海·城市广场·钻石湾,＞50套,跃层：310平米，公寓60平米,跃层310平米：1400万 公寓60平米：100-180万,精装/毛坯,现房/2023年6月底,现房可选，海河景观资源，大户型,公寓，年限问题，流通性问题
5,市内六区,河东区,嘉里·雅颂台,＞50套,高层：120/170/180/208平米,高层120平米：430-450万 高层170平米630-640万 高层180平米：730-740万 高层208平米880-1100万,精装,2025年交付,海河一线景观，周边配套成熟，产品不错，改善,适用于南方风格，改善为主，价格高
6,市内六区,河东区,城投万欣城,＞50套,高层85/110/120/89/117㎡洋房132/143㎡,"荷园高层110：290万（仅余顶楼）
荷园高层120：330-350万（团装）
梅园高层89：250-270万（团装）
梅园高层117：350-370万（团装）
梅园洋房132：460-500万
梅园洋房143：520-550万",毛坯,荷园2024年12月，梅园25年8月交房,可选性多，位置好，价格适中,梅兰竹菊风荷，小区很多，大部分都是四栋楼，绿化问题，具体细分到自己小区。
7,市内六区,河东区,雍祥园,＞50套,高层：84/94/110/115/119/122/126/146㎡,"高层：84平米：225万左右
94平米：235万左右
110平米：280万左右
115平米：270-290万
119平米：245-255万
122平米：265-280
126平米：255-265万
147平米：300-320万",毛坯,现房,现房，可选，交付品质不错,产品过时，户型设计差，大高层，周边配套一般
8,市内六区,河东区,农垦含章雅著,＞50套,高层：85/95/105/119/131平米 洋房：139/145平米,高层85平米:258万 高层95平米：290-340万 高层105平米：330-360万 高层119平米：385-440万 高层131平米：445-470万 洋房139平米：560万 洋房145平米：720-750万,毛坯,2023-09-30 00:00:00,现房可选，户型多，园林不错,户型一般，中环线旁，快速路旁，有一定噪音，学校一般
9,市内六区,河东区,格调榴园,＞50套,高层：90/99/115/120/128/170㎡：洋房：121/131/140,"高层90平米：230-260万
高层99平米：250-280万
高层115平米：305-330万
高层120平米：316-325万
高层128平米：332-370万
高层170平米：461-482万
洋房121平米：370-430万
洋房131平米：430-460万
洋房140平米：463-496万",毛坯/精装,现房,可选性多，园林好，地铁近,价格高，河东区边缘位置，格调卖到现房
10,市内六区,河西区,创意之城蘭园,＞50套,小号高80m²89m²  洋房113m²,小高265-320万，洋房450-600万,毛坯,2025-10-31 00:00:00,产品好，园林绿化不错，价格合适,柳林刚起步，周期会长，需要等
11,市内六区,河西区,中交融正,＞50套,高层88平米/108平米,"88平283-290万，108平360-380万
工抵房限量",毛坯,现房,现房，即买即住转学可以看,四栋楼，小海地，
12,市内六区,河西区,中交融成,＞50套,小高层89.105.140㎡,小高 290-600万,毛坯,2024.5（4月8日下房本）,现房，位置比融正好，,价格不便宜，周边空地多
13,市内六区,河西区,华宇·御熹臺,10-50套,叠拼：上叠143平，叠下143平,"上叠暂时无房，下叠：660-700万
下叠特惠房一口价663万",毛坯,现房,现房，别墅产品,小海地，周边城市界面一般，可选性低
14,市内六区,河西区,中海 · 左岸源境,＞50套,高层：82.89㎡洋房：91.105.125㎡,高层：270万起。洋房：350万起，商业售罄,毛坯,2024-04-01 00:00:00,现房，即买即住,可选性低，
15,市内六区,河西区,中海学府源境,＞50套,小高层：85、105㎡洋房：91.108.126㎡,126户型520-620万，108户型435-520万，91户型365-390万,毛坯,2025-10-01 00:00:00,户型不错，价格合适,位置河西最南部，新梅江，
16,市内六区,河西区,联发城投梅江和悦,＞50套,小高98/116 洋房128/143,小高98/353-363 小高116/418-430 洋房128/512-538 洋房143/572-601,毛坯,2026-04-01 00:00:00,户型好，产品力强，,联发之前交付小区一般，周边慌，只有自己在这，配套
17,市内六区,南开区,启航精英公寓,＞50套,"高层50-70平
高层70-82平
高层85平","高层50-70平：203万-250万
高层70-82平：246—290万
高层85平：280-290万",精装,精装现房,现房可选，便宜,公寓，年限问题，流通性问题
18,市内六区,南开区,保利云禧,10-50套,高层：88、103㎡洋房：87、106、112、125、128、143㎡,"高层：88㎡360万-370万，
103㎡：440万左右，
洋房：106㎡：550-570万，
112㎡600-640万，
125/128㎡600-700万，
143㎡800-850万",毛坯,现房,现房，保利品质，地铁上盖,可选性低。价格贵产品落后
19,市内六区,南开区,金融街融府,＞50套,小高层89-115㎡,89㎡310-340万，115㎡400-435万,毛坯,2026-06-30 00:00:00,产品力不错，户型好，地铁上盖3.0,楼栋少，题量小，金融街其他项目交付问题。
20,市内六区,南开区,招商江山玺,＞50套,小高143㎡，高层143、169㎡、189㎡,"143平米小高：660～725万左右 
143平米高层 ：577～600万左右
169平米高层：780~865万左右
189平米高层：950万左右",精装,一期：2024/6/30（1#9#11#）二期：2025/3/31（2#4#）,产品好，品质不错，现房改善,纯大高层，隔壁快速路，天拖相对较差的位置，南开中片
21,市内六区,南开区,金地阅千峯,＞50套,高层171平 洋房160/180平米,高层171平：900-1000万 洋房172：930-990万 180平:1200-1300万,精装,高层24年底/洋房25年底,产品好，品质不错，现房改善,设计不是最新的了，略有过时，高端产品里面略微差一些，位置核心但是处于万德庄
22,市内六区,南开区,格调隐翠轩,＞50套,"高层：94㎡117㎡128㎡
小高层：143㎡
洋房：143㎡","高层：94㎡370-390万
117㎡470-490万
128㎡490万-540万
小高层：143㎡620-650万
洋房：143㎡660-720万",精装,2026年年底；2027年年底,产品好，价格适中，地铁近,黄河道老五金城位置 周边周期长，体量大
23,环城四区,北辰区,中粮辰悦,＞50套,公寓43-63；商墅158m²,公寓35-40万；商墅160-200万,毛坯,现房,价格便宜，位置核心，产品不错,公寓年限问题，居住人群圈层问题，
24,环城四区,北辰区,金汇云璟,＞50套,小高：87、99平；洋房97、128平,小高125-165万，洋房157-250万,精装,2025-12-31 00:00:00,价格合适，准现房，产品可选,开发商之前为金侨，出现过资金问题，项目品质不一定保障
25,环城四区,东丽区,金地·万悦城,＞50套,"二期小高层：72㎡/77㎡/82㎡/89㎡/100㎡,洋房95㎡/115㎡","高层：
72㎡78－84万
77㎡85－90万
82㎡90－98万
89㎡107－115万
101㎡123-135万
洋房：
95㎡135万－145万
115㎡175－185万",毛坯,高层2025/6/30，洋房2025/9/30,1.地铁上盖2.人气足，生活氛围好3.价格便宜4.有学校,1.板块商品房扎堆，但刚开发，空地依然很多，2.东侧为大荒地距离二殡4.5公里有一部分人介意3.南侧荒地
26,环城四区,东丽区,金隅金玉府,＞50套,85/92/99/105m²," 高层：
85㎡：104万-110万
92㎡：100万-115万
99㎡：100万-120万
105㎡：130万-140万",毛坯,现房,1.地铁上盖2.人气足，生活氛围好3.价格便宜4.有学校,位置一般，本地人很少选择，户型差，产品力不行跟不上时代了
27,环城四区,东丽区,东方和府,10-50套,89㎡小高，89、105、119㎡洋房,"小高89平米：187-210万
洋房89平米：197-210万
洋房105平米：215-235万
洋房119平米：260-275万",毛坯,现房,现房可选，纯洋房，城投第一个项目,物业外包，产品力一般，位置比较差
28,环城四区,东丽区,天骥智谷,＞50套,高层：83/92/113㎡,"83㎡：58-60万
92㎡：65-70万
113㎡：71-80万",毛坯,现房,东丽湖环境不错，价格便宜，可选,四大湖众所周知，卖了N年还有房，配套一般
29,环城四区,东丽区,金融街·听湖小镇,＞50套,"洋房：82/115/136㎡ 
别墅：128/161/195㎡","洋房82㎡：70万起；
洋房115㎡：85万起；
洋房136㎡：96万起；
别墅128㎡：138万起；
别墅161平米280万起；
别墅195㎡：268万起",毛坯,现房,东丽湖环境不错，价格便宜，可选，亮点小别墅还不错,四大湖众所周知，卖了N年还有房，配套一般，
30,环城四区,东丽区,万通金府国际,10-50套,公寓：70、87、95、120、150,"70平：42万起
87平：62万左右
95平：66万左右
120平：89万左右
150平：110万左右",精装,现房,现房，户型多，,公寓产品，年限问题，流通性差
31,环城四区,东丽区,天安象屿智慧城-都城,＞50套,高层80㎡/98㎡/113㎡,"高层80平米48万起
高层98平米79-85万
高层113平米90-97万",毛坯,98.113平米2026年12月底交房，其余都是现房,属于东丽湖，但更靠近华明空港，位置优势,孤盘，除了自己，一无所有。
32,环城四区,东丽区,百郦荣锦苑,＞50套,小高82/90/94/113/122㎡,"82平：134-145万；
90平：145-160万；
94平：167-180万；
113平：213-224万；
122平：255-280万",毛坯,现房,现房，位置好，地铁商业近。,延期交付了一段时间，小高层，产品一般
33,环城四区,东丽区,新业御园,＞50套,小高：90、95、120㎡洋房130㎡,"小高：90平米120-135万 
小高95平米130-145万 
小高120平米172-200万 
洋房：130平米235-245万",毛坯,现房,产品多，可选，地铁较近,产品力拉胯
34,环城四区,津南区,中海国际公园城,＞50套,高层77/85/89/109/128㎡， 洋房89㎡，叠拼97/103/109/115㎡，联排128/154/185㎡,"高层49-90万，
洋房80万左右，
叠拼100-170万，
联排175-350万",毛坯,"高层、洋房、叠拼：现房
联排：北区现房，南区2025.5底",现房，便宜，景色好,八里台啊八里台，外地人心中的痛啊。全国人民都知道啊
35,环城四区,津南区,爱情·花园里,＞50套,洋房 88/108/117㎡,洋房 72-120万,毛坯,现房,现房便宜,八里台啊八里台，外地人心中的痛啊。全国人民都知道啊
36,环城四区,津南区,四季春晓,＞50套,洋房：78-115㎡,洋房78平126-140万 101平:170-180万 115平:185-195万,毛坯,2025.6.30,便宜，海教园,隔壁颐景园啊，海教园最南侧，阳光城 金科难兄难弟了
37,环城四区,津南区,保利西棠和煦,＞50套,二期洋房118/137平米，三期洋房86/107平米,"二期洋房118平米：225-250万，137平米：271-285万；
三期洋房86平米：152-175万，107平米：200-220万",毛坯,二期2026/5/15，三期2026/8/31,产品不错，保利央企有品质，自持物业,周边配套不成熟，需要时间，二期绿化一般
38,环城四区,津南区,中国铁建花语天境,＜10套,洋房：80.89.106.127.143㎡,80㎡：153-160 89㎡：174-183  106：215-235万   127㎡：255-280万143㎡/：315-337万,毛坯,2026.6月,产品不错，中铁建央企有品质，自持物业，价格合适,房源很少了
39,环城四区,津南区,融信津南府,＞50套,小高层53㎡.66㎡,35-48万,毛坯,2025-03-31 00:00:00,现房可选,位置差，融信开发商资金问题
40,环城四区,津南区,天地源叠璟院,＞50套,叠拼：上叠196平米,180万左右,毛坯,现房,现房，别墅,北闸口了。。唉，远了啊。
41,环城四区,津南区,金地山川印,＞50套,洋房143 别墅171-196,"洋房143平280-340万
别墅171平450-480万
别墅196平610-640万",毛坯,20260331,改善可选，产品不错，位置不错,双港房源多，流通性问题，地缘性改善偏多
42,环城四区,津南区,保利时代,＞50套,洋房：79/95/113/135㎡,"79平米：90-105万
95平米：108-125万
113平米：137-165万
135平米：155-200万",毛坯,一期：2024/5/31；二期：2025.6月-12月,产品力强，咸水沽配套成熟，物业开发商有保障,咸水沽最东部，周边慌。
43,环城四区,津南区,东亚新华国樾华府,＞50套,洋房115/135㎡,135-190万,毛坯,一期售罄，二期2025年10月,产品力强，咸水沽配套成熟，,咸水沽最东部，周边慌。
44,环城四区,津南区,海玥名邸,＞50套,高层：85/98   洋房118,"85平米：100-110万，98平米：115-125万
118平米170-185万",毛坯,现房,现房便宜,东侧慌。南侧公交站，15层的小高层
45,环城四区,津南区,中建理想城,＞50套,洋房109㎡，126㎡，130㎡，小高89㎡、125㎡，大高82㎡、89㎡、106㎡、117㎡、127㎡    目前排卡阶段,洋房109/126/130㎡：预计26000元/㎡小高89/125㎡：预计22000元/㎡        大高82㎡、89㎡、106㎡、117㎡、127㎡：预计20500元/㎡,毛坯,预计2026年10月,产品力强，环内。位置不错,价格高，刚需可以过度，改善多对比
46,环城四区,津南区,城投东方源筑,＜10套,82m²，88m²,82平90-115万，88平120万,毛坯,现房,辛庄周边成熟，价格便宜,华润撤了，隔壁百万公路加油站，天津大道景观大道噪音
47,环城四区,东丽区,天津汇悦城,＞50套,洋房70/88/104/118,"洋房70㎡：53-58万左右
洋房88㎡：65-71万左右
洋房104㎡：80-89万左右
洋房118㎡：98-110万左右",毛坯,现房,可选性多，价格合适，属于空港滨海,有一段时间资金问题，周边慌，紧邻军粮城二期
48,环城四区,西青区,城投水西东方天宸,10-50套,"128㎡
135㎡
155㎡
175㎡","128㎡总价350-360万左右
135㎡总价380万起
155㎡总价460-490万左右
175㎡总价570-590万左右",毛坯/部分楼栋团装2号楼,一期2025/9/30二期2026/6/30,水西环境好，环线内湖景资源，价格适中,周边配套不全，人气少，城投之前交付项目少
49,环城四区,西青区,金地时光印,＞50套,洋房80/95/110m²,"80㎡：119万起
 95㎡：149万起
110㎡：182万起",毛坯,一期2025年12月底/二期待定,双轨道交通，项目价格合适，学校旁，交付快,南站商务区发展周期略长，高铁有一定噪音，学校是私立并不一定能进
50,环城四区,西青区,融侨方圆,10-50套,上叠144平米下叠157平米 高层：72/82平,别墅230-300万 高层：78-100万,毛坯,叠拼：现房 高层：2025.11月底,现房，门口商业，价格适中,闽系开发，品质后期问题，项目保障房问题
51,环城四区,西青区,保利·和光尘樾,＞50套,小高76/80/87/99/113/127平米,"小高76平米：108-135万；
小高80平米：125-140万；
小高87平米：130-165万；
小高99平米：156-200万；
小高113平米：210-235万；
小高127平米：220-265万",毛坯,现房,现房可选，地铁近，小区品质相对不错,宾水西兑现力问题，学校问题，小区超大体量3500户
52,环城四区,西青区,万科翡翠大道,＞50套,"南地块二期
小高层:84/97㎡
高层：80/89/102㎡ 
洋房：118㎡
北地块二期
高层：77/87/89㎡
洋房：100㎡","南地块：
小高层
 84㎡ 140万
      97㎡ 168万
高层
80㎡ 110-130万
89㎡ 130-140万
102㎡ 150-160万
洋房
118㎡   200-240万
北地块：
高层：
77㎡     103-110万
87㎡     120-132万
89㎡     130-140万
洋房
100㎡   170-210万",精装,"南地块二期2025/7/30,2025/10/31,2025年12月底;北地块二期2026/6/30",万科物业绿化品质不错，价格合适，地铁近，户型可选,杨武庄住宅加上商铺八期开发，项目地价高降标减配，孤盘，体力超大
53,环城四区,西青区,爱情·缤纷里,＞50套,小高：75㎡、80㎡、84㎡、89㎡、96㎡、115㎡、126㎡、140㎡,"75㎡：105-135万；
80㎡：115-125万；
84㎡：104-120万；
89㎡：120-130万；
96㎡：130-150万；
115㎡：145-170万；
 126㎡：165-220万；                                                140㎡：220-240万",毛坯；贝壳团装,一期：现房 二期：2024.12月底,挨着地铁，现房可选，名字好听,宾水西兑现力问题，学校问题，爱情后期物业品质问题。交付问题
54,环城四区,西青区,宝安江南城,10-50套,350/400/480㎡,"别墅：联排350㎡   720 万起
独栋：400㎡ 1170万起
480㎡ 1400-1700万",毛坯,现房,品质不错，徽派江南风格，大独栋特色,总价高，纯改善，小区内部荷花塘北部南运河
55,环城四区,西青区,天安数码城珑园,＞50套,"高层：90/120㎡  洋房：113，127，145，152，154㎡ 联排：430,464㎡ ","高层：
90㎡100-115万
120㎡ 135-140万
洋房：
113㎡ 135-140万
127㎡ 145-155万
145㎡ 170-180万
152㎡ 190-200万
154㎡ 190-200万
联排：
430㎡ 602万
464㎡ 736万",毛坯,现房,现房，可选,价格不合适，位置偏，户型老旧
56,环城四区,西青区,融泰城,10-50套,洋房112、122、127㎡，高层125/143㎡,洋房160-220万；高层175-210万,毛坯/精装,现房,现房，李七庄，,多年老盘，户型差，地铁远产品老
57,环城四区,西青区,金地·藝華里,＞50套,洋房 114、128㎡,洋房195-300万,毛坯,2024-12-31 00:00:00,李七庄现房可选，户型新，3.0产品,南侧大片空地，秀川路堵车，城市界面差
58,环城四区,西青区,绿城晓月晴川,＞50套,洋房98/116/132m²/143,98平：180-190万 116平：210-230万 132平：255-280万 143平：300-320万,毛坯,2026-07-01 00:00:00,李七庄绿城品质好，可选，户型新，3.0产品,南侧大片空地，秀川路堵车，城市界面差
59,环城四区,西青区,金地风华919,＞50套,"洋房：100/117/133/172㎡
叠拼：130/143㎡","洋房：195-460万
叠拼：375-510万",毛坯,2025-12-31 00:00:00,户型好，中北镇配套成熟，价格合适,小区细长条设计，绿化设计相对差，南侧高压线，中北镇最西南侧
60,市内六区,和平区,信达格调美古花园,＞50套,高层75平/100平,高层75平550万左右，100平750万左右,精装修,2026-12-01 00:00:00,和平唯一在售新房，格调品质不错。,小区太小，园林少，价格高。
61,远郊五区,宝坻区,南城拾壹方,10-50套,133、171、202、245、300、330㎡,187-429万/套,毛坯,2025年10月底,价格合适,位置偏，产品参差不齐
62,远郊五区,宝坻区,天宝福苑,10-50套,叠拼190-320,叠拼210-350万,毛坯,现房,产品稀缺，别墅本地改善,位置偏，配套差，外地落户慎选
63,远郊五区,宝坻区,农垦•含章宝邸,＞50套,小高85、87、99、117、170㎡,"小高85平米：75-85万
小高层87平米：86-99万
小高层99平米：97-110万
小高层117平米：123-150万
小高层170平米：180万",毛坯,现房,国企保障，户型可选，,位置偏，地缘性为主
64,远郊五区,宝坻区,首钢·柒里风华,＞50套,"高层：53㎡/78㎡/89㎡
洋房：101㎡/104㎡",高层：38万~65万    洋房：68~70万,毛坯,现房,现房，宝坻新城高铁，价格便宜,位置偏，配套差远郊，价格不稳 
66,远郊五区,宝坻区,浩润嘉苑,10-50套,高层：86/97/105㎡ 洋房：112/117㎡,高层：62-90万洋房：123-169万,毛坯,四期2023-6-30,门槛低，品质一般,位置偏，配套差远郊，价格不稳 
67,远郊五区,宝坻区,建投·君诺学府,10-50套,96㎡1层、147㎡、205㎡,110-280万,毛坯,现房,圈层好，大户型为主,位置偏，配套差远郊，价格不稳 
68,远郊五区,宝坻区,南城时光,＜10套,小高：120平,小高：140万,毛坯,现房,价格合适产品单一,位置偏，配套差远郊，价格不稳 
69,远郊五区,静海区,林奇郡中心城,＞50套,高层86/88/109/112平；别墅251平,高层86/88平56万起，109/112平70万起；别墅251平260万起,毛坯,现房,便宜，环境不错,团泊东饼也挺大，四大湖远近闻名
70,远郊五区,静海区,林奇岛,＞50套,联排149/169/198平；叠拼147/148平,"联排149平150-190万起,169平170-230万起，198平300-340万起；叠拼上叠148平120-145万，下叠147平150-180万",毛坯,现房,便宜，环境不错,团泊东饼也挺大，四大湖远近闻名
79,滨海新区,塘沽区,珊瑚海广场,10-50套,商业一层50-150㎡，二层50-130㎡，三层50-130㎡,商业一层190-520万，二层180-495万，商业三层150-380万,毛坯,现房,现房,商业，可选性差，流通性问题
80,滨海新区,塘沽区,南湾壹号,＞50套,103/120/140,189-224 万,精装,2025-10-30 00:00:00,稀缺景观资源与低密居住体验‌，配套成熟且教育资源突出‌,交通便利性不足‌，周边发展待完善‌小区体量较小，仅3种户型（101-140㎡），选择空间有限‌
81,滨海新区,塘沽区,中国铁建·滨海梧桐,＞50套,小高(一期）81/98㎡，洋房108/127/143㎡，小高（二期）90/105/115/123,"一期小高90－150万，
洋房152-250万，
二期小高123-180万",毛坯,一期小高2024年11月，洋房2025年10月，二期小高2025年10月,开发商实力与产品设计‌，紧邻滨海西站800米。交通与区位优势‌，生活配套与教育资源,区域成熟度与生活便利性，价格与性价比争议‌
82,滨海新区,塘沽区,泽信·渤龙云筑,＞50套,洋房90/100/110,"洋房90平米： 82-90万；
洋房100平米：92-102万；
洋房110平米：105-112万；",毛坯,现房,现房，可选性高，可转学,渤龙湖晋级为五大湖，周边人气少，配套问题
83,滨海新区,塘沽区,格调林泉,10-50套,小高109/125/145/160/180m²,295-510万,毛坯,现房,‌交通便利性突出‌，教育资源丰富‌，周边3公里内拥有滨海金隅嘉品Mall、泰达MSD等商业综合体，产品设计与居住体验‌,临近洞庭路的楼栋存在交通噪音干扰，影响居住静谧性‌，区域以居住功能为主，缺乏产业支撑，高端商业配套仍需依赖远距离商圈‌
84,滨海新区,塘沽区,际华园天津府,＞50套,小高：80/89/104/115m² ,"80户型精装132万起
89户型精装164-169万
104户型精装197-202万
115户型精装208-215万",精装,2025-09-01 00:00:00,创新设计与立体空间利用‌，入户暖廊‌，开发实力与交付保障‌,响螺湾板块，功能性与噪音问题‌，价格偏高，性价比争议较大‌
85,滨海新区,塘沽区,中铁滨城云著,＞50套,75/89/95/108m²,高层75平米：65-70万，高层89平米：75-85万，高层95平米：82-92万，高层108平米：95-105万,毛坯,预计2025年底,"央企开发商实力强，品牌保障‌
低密生态设计，产品丰富，户型多样且功能性强‌
价格优势明显，均价低于周边‌
地铁B1线在建，未来交通改善‌
教育资源丰富，实验学校等‌
生活配套齐全，商业和会所设施","区域成熟度低，配套需时间完善‌
当前交通依赖自驾，公共交通不足‌
位置相对偏远，距离核心区较远‌"
90,环城四区,东丽区,中交海河玺,＞50套,小高层：106/126143/173 洋房：129/143㎡,"小高106平米:230-275万
小高126平米：280-310万
小高143平米：340-400万
小高173平米：450-500万
洋房129平米：360-400万
洋房143平米：410-450万",毛坯,2026.6.30,产品力强，物业不错，新一代设计,天钢板块第一个项目，周期长，工地生活要适应
95,环城四区,西青区,金地·水西印,＞50套,"洋房
115㎡
131㎡
143㎡
173㎡
叠拼
134㎡
143㎡
159㎡
178㎡","洋房
115㎡总价：290-330万
131㎡总价：350-380万
143㎡总价：420-460万
173㎡总价：560-580万
叠拼
134㎡总价：480-490万
143㎡总价：630-640万
159㎡总价：610-680万
178㎡总价：830-930万",毛坯,2025-12-31 00:00:00,水西环境好，环线内湖景资源，价格适中,水西板块最边缘，离水西公园很远。
96,环城四区,津南区,中建悦庐棠墅,＞50套,洋房:89-129平叠拼:136-168平平墅:155平,"洋房
89 平160-180万
109平210-220万
117平235-255万
129平270-290万
叠拼
136平上叠中户310-350万
145平上叠边户375-385万
143下叠中户500万左右
168下叠边户630万左右
平墅
155平385-400万",毛坯,2026.5.15,产品力强户型好。开发商物业有保障,交付周期长，大期房，周边配套一般。
97,市内六区,河西区,博岸名邸,10-50套,洋房：133㎡大两室，147-189㎡三室，200-377平米跃层四-七室,"两室133平米（487～527万）
三室147平米（517～563万）
三室150平米（526～571万）
三室169平米（588～637万）",毛坯,现房,现房，海河边，观景,快速路吵得要命，北向观海河，欧洲设计不符合国人审美
98,远郊五区,宝坻区,建投君诺壹號府,＞50套,108㎡、128㎡、141㎡、176㎡,"108㎡：120-140万
128㎡：145-175万
141㎡：186-210万
176㎡：280万左右",毛坯,2026-08-01 00:00:00,品质不错，户型可选,位置偏，配套差远郊，价格不稳 
99,市内六区,河西区,东舍宅,＞50套,29m²，36m²，42m²，58m²," 29㎡一居总价160-180万
   36㎡一居总价170-190万
   42㎡一居总价180-190万
   58㎡两居总价220-240万",精装,2024-10-01 00:00:00,现房，河西一片转学。,价格高，可选性低，湘江道八号，，
100,滨海新区,大港区,小岛壹号,10-50套,洋房140/160平米,220万-270万左右,毛坯,2025-12-31 00:00:00,本地改善，准现房,偏，一般本地人都很少去，油田本地职工为主
101,市内六区,河西区,中海凌云源境,＞50套,小高层：87、107㎡洋房：91.110.119.129㎡,126户型520-620万，108户型435-520万，91户型365-390万,毛坯,2025-12-31 00:00:00,产品力强，户型好，设计新，架空层,陈塘庄需要一定周期，目前南侧空地相对较多，
102,远郊五区,宝坻区,宝境棠棣,＞50套,88㎡、114㎡、118㎡、135㎡,"88㎡：69-80万
114㎡：98-103万
118㎡：103-110万
135㎡：115-120万",毛坯,现房,现房落户，产品品质一般,位置偏，配套差远郊，价格不稳 
103,市内六区,河西区,创意之城锦园,＞50套,高层：89、99、109㎡小高：128㎡,"高层89平米:265-275万
高层99平米：320-340万
高层106平米：340-360万
小高层128平米：420-460万",毛坯,2026-12-31 00:00:00,可选，户型产品不错,一期价格高，柳林周期长，刚起步
104,市内六区,河西区,纯皓家园,＞50套,高层：91-94㎡,"91-93全阳:255万起
92-94平：南北通透:290万起",精装,现房,河西二片，部分转学可选，价格便宜,二片是河西转学片区内最差的片了。
106,滨海新区,大港区,天逸华府,＞50套,叠拼：152㎡-276㎡（有赠送）洋房：145㎡,叠拼：275-380万 洋房220-290万,毛坯,预计26.3月交房,本地改善，可选性多,偏，一般本地人都很少去，油田本地职工为主
108,环城四区,西青区,金地时代印,＜10套,高层89㎡/103㎡/110㎡,"高层89㎡：85万
高层103㎡：110万 高层110㎡：125万",毛坯,预计2027.5,大寺板块101汽车园隔壁，周边小区太多，价格相对合适,周边乱，地缘性为主，交付晚
109,环城四区,西青区,御河臻璟,＞50套,洋房：115/128/143㎡,"115㎡：270万起
128㎡：320万起
143㎡：370万起",毛坯,2026.10月,西青第一个架空层小区，设计新颖，户型相对还可以,新城代建，之前交付小区品质问题，大高层设计。
110,环城四区,津南区,绿地·津澜,＞50套,89-110-130-160平米,"89平115万起
110平160万起
130平200万起
160平245万起",精装,2026.12.31,辛庄周边成熟，价格便宜,绿地之前一段时间资金问题
111,市内六区,河东区,城投东方紫宸,＞50套,小高89/105，洋房110/128,小高89：250-260万，小高105：300-320万，洋房110：340-370万  洋房128：410-440万,毛坯,2026-09-01 00:00:00,可选性多，产品力强，园林绿化不错,小区整体位置较差，万爱板块最北侧，地铁远
112,市内六区,红桥区,建投誉河院,10-50套,小高层97/114/129 洋房135,小高层255-360w，洋房385-410w,毛坯,2026-12-01 00:00:00,产品力强，大开间落地窗，价格合适,周边都是荒地，西于庄刚开始开发有周期，目前十期开发
113,市内六区,河东区,华勘鈺府,＞50套,小高：87/95/96/115平米、洋房：109/111/125/129/140/143平米,"小高层均价2.4万元/平(18层到顶)
87平两室205万起
95平三室228万起
96平三室230万起
115平三室276万起
洋房均价2.7万元/平（10层11层到顶）
109平三室295万起
111平三室299万起
洋房均价2.9万元/平（8层到顶）
125平三室362万起
129平三室374万起
140平三室406万起
143平三室414万起",毛坯,2026.6.30,可选性多，,价格贵，位置差，产品一般
114,环城四区,津南区,中海长林郡,＞50套,洋房：80、89、107、129,"80户型，135万-148万
89户型，150万-166万
107户型，185万-202万
129户型，237-258万",毛坯,2026年8月（5.15号后可以办房产证）,户型可选，央企品质，物业不错,近两年中海交付部分项目问题，周边配套问题，处于海教园北部片区
116,环城四区,西青区,金地藝墅家·风华印,＞50套,洋房：89、113、128㎡,洋房：146-240万,毛坯,2026.12.31,精武镇大学城板块，周边人气足，价格相对合适,西侧空地，烂尾商业汇悦城，地铁远。学校一般
117,市内六区,南开区,堤翠家园,＞50套,高层88㎡、91㎡、108㎡、112㎡、129㎡、229㎡,"88平米270万起
91平米268万起
108平米350万起
112平米347万起
129平米376万起
229平米713万起",毛坯,现房,价格便宜，现房,还迁房品质，户型一般
118,市内六区,南开区,保盈家园,10-50套,洋房91㎡、123㎡,"91平米的300万起
123平米的453万起",毛坯,现房,价格便宜，现房,还迁房品质，户型一般
119,环城四区,西青区,彩虹城,＞50套,高层：68-87㎡,55-70万,毛坯,现房,现房，便宜,多年老盘，户型差，流通性问题
121,环城四区,西青区,龙湖首创天琅,＜10套,高层：85平米 113平米 139平米,待售，未开盘,毛坯,2026.6.30,中北龙湖二期，价格相对合适,北侧高铁噪音，小区南侧正荣的大高层，采光问题
122,环城四区,东丽区,复地湖滨广场,10-50套,30-7000平,120-4900万,毛坯,现房,大平层，户型少,项目卖了很长时间
127,滨海新区,大港区,心港东城名都,10-50套,洋房：94㎡/128㎡ 高层：72㎡-149㎡,洋房：124-172万 高层：82-193万,毛坯,现房,现房，刚改,偏，一般本地人都很少去，油田本地职工为主
128,市内六区,河东区,格调步庭,＞50套,高层92/109/128小高层 124/139,"高层92：249-284万
高层109：300-335万
高层128：350-400万
小高层124：400万左右
小高层139：430万左右",毛坯,现房,园林户型好,四栋楼，整体看园林并不多，外包物业，设计偏老
130,环城四区,西青区,香锦园,10-50套,76平米/90平米/120平米/135平米/136平米,"76平 ：104万起
90平: 123万起
120平:158万
135平:156万
136平:156万",简装,现房,现房可选,价格高，张家窝本地楼盘，没绿化，地铁远
131,市内六区,南开区,中海镜映南开,＞50套,洋房107/115/125,"107平10层洋房:580-600只有顶楼
115平8层洋房:620-700
125平8层洋房:770-840",毛坯,2025-10-01 00:00:00,户型好，品质不错，位置相对核心,可选性不高，老医院地块，价格不是所有户型都合适
132,市内六区,河西区,体北金茂府,＞50套,"小高128m²143m²169m²189m²，
高层143m² 169m² 
洋房236m²","小高128㎡/650-710万
小高/高层143㎡/720-810万
小高/高层169㎡/850-980万
小高189㎡/1100-1200万
洋房236㎡/1600-2000万",精装,2026-06-01 00:00:00,品质 物业 产品都很不错，科技化住宅,周边老破小，小区内部改善，外部没有改善
133,环城四区,东丽区,三源英华郡,＞50套,高层：92/94㎡，洋房：92㎡，别墅：233/290/309㎡,"高层92平米(边）：49-55万；高层94平米（中）：43-52万；洋房92平米：55-62万；
别墅233平米（联排）：233-320万；别墅290平米（双拼）：400-430万；别墅309平米（双拼）：490-520万",毛坯,现房,便宜，环境还可以，东丽湖,在东丽湖里属于偏远位置。配套一般，远，修仙可以考虑。
134,远郊五区,宝坻区,诺金兰亭园,＞50套,洋房103、116㎡,洋房103㎡  105-127万                            洋房116㎡：119-142万,毛坯,2026.8.30,大户型为主，地缘性,位置偏，配套差远郊，价格不稳 
135,市内六区,南开区,鹏飞·南开学苑,＞50套,"高层:78/85/98/99m²
洋房：111m²/126m²","高层78平米:320万左右
高层85平米:345-380万左右
高层98/99平米:390-440万左右
洋房111平米:560-610万左右
洋房126平米:660-830万左右",毛坯,A地块：2025年6月底 B地块：2025年年底,能转学，户型多，地铁近，有学校,价格贵，学校之前是汾水道小学，鹏飞在天津无交付社区
136,市内六区,河西区,中海时光之镜,＞50套,小高 106 113 130 143 185 237㎡,"全部小高层：106平420-440万
130平550-610万
143平620-700万
185平850-900万
237平1100-1250万",精装,2025-03-01 00:00:00,品质不错，产品力强,新梅江一部分纯改善不认可，价格掉的有点多
137,环城四区,东丽区,天保意境芳华,＞50套,小高：89/95/110/125 洋房：125/145/ 165 叠拼：146/167,小高：160-280万 洋房：280-410万 叠拼：345-496万,毛坯,2025/12/1底,产品力不错，准现房，空港一期，可选,挨着高速路有噪音，天保之前某项目交付水平一般般 口碑下降
139,市内六区,南开区,中海峰境南开,10-50套,小高层143㎡，洋房120/175㎡,"高层105平490-580万 高层125平590-680万 小高约143㎡三室780-850万
洋房约120㎡三室750-800万
洋房约175㎡四室1100-1300万",精装,2026-03-01 00:00:00,户型好，品质不错，位置相对核心,可选性低，房源不全，价格不是都合适
140,环城四区,东丽区,想云湾,＞50套,"洋房89㎡ 109㎡ 129㎡ 131㎡ 152㎡ 169㎡ 173㎡
叠拼：134㎡、143㎡","洋房89㎡：145-170万左右
洋房109㎡：195-210万左右
洋房129㎡：250万左右
洋房131㎡：260-275万
洋房169㎡：360万左右
洋房152㎡：315万左右
洋房173㎡：365万左右
叠拼134㎡：340万左右
叠拼143㎡：420万左右",毛坯,"2024年12月底（现房）
2025年3月底
2026年4月底",价格便宜，可选性多，户型好，空港二期,二期啊，25块住宅用地，猴年马月搞完，周期长，一定要习惯生活在这种环境中
141,市内六区,河西区,天津·瑞府,＞50套,高层104/122/140㎡ 小高层128/144/169㎡,"高层：104平360-400万，122平425-450万，140平460-500万
小高层128平480-500万，169平650-800万",精装,一期169户型23.10月，二期所有户型24.10月,河西最南侧，可选性多，现房,产品稍微过时，大高层。学校一般
142,环城四区,东丽区,天保九如品筑,＞50套,洋房： 110 129 133 145 177 212㎡ 叠拼：240 300㎡,"洋房：
110㎡：200-210万左右（只有一楼）
129㎡：235-250万左右
133㎡：250-265万左右
145㎡：285-300万左右
177㎡：375-390万左右
212㎡：515-530万左右
叠拼：
240㎡：550万起
300㎡：810万起",毛坯,现房,现房，产品还可以，二期,可选性低，交付水平一般般。周边慌。
143,环城四区,西青区,保利拾光年,＞50套,小高87、95㎡,87㎡：150-170万 95㎡：180-200万,毛坯,现房,海泰板块，保利品质不错，相对可选,户型过时，产品一般，小高层体量大
144,市内六区,南开区,天保上城观景,＞50套,高层：99/117/107/131/134/137㎡,"99㎡：400万左右
107㎡：420-460万
117㎡：440万-460万
131㎡：540-590万
134㎡：570-600万
137㎡：590-620万",毛坯,现房,价格适中，可选性高，现房优势,天保这两年品质问题，位置一般，产品力一般
145,环城四区,西青区,绿城桂语映月,＞50套,小高85/105/125/130平米，高层85/130平米,"小高85平米：170-185万
小高105平米：240-280万
小高125平米：240-250万
小高130平米：300-320万
高层85平米：150-170万
高层130平米：240-280万",毛坯,2025-12-01 00:00:00,西营门青云桥旁，绿城品质好，可选性高,噪音大，户型差。
146,环城四区,西青区,水西雲庐,＞50套,"洋房119/140㎡/160㎡/180㎡/200/170㎡/220㎡/245㎡/125㎡/145㎡/230㎡/275㎡/310㎡；
小高103㎡；
别墅210㎡/225/230㎡","洋房450—1800万 
小高260-275万
别墅1000—1500万",小高别墅毛坯；洋房部分毛坯部分精装,2023.12/2024.12/2025.5.30,绿城品质好，户型好，水西板块绿化环境好,水西板块内配套不成熟，周期会长一些，可选性不高
147,环城四区,西青区,绿城柳岸晓风,＜10套,洋房跃层：170、230㎡,跃层：170平：280万；230平：460万,精装/跃层毛坯,现房,绿城品质好，户型好，生活成熟,大寺板块相对较乱，价格不太友好，可选性低
148,市内六区,南开区,绿城·鳳起悦鸣,＞50套,小高 150/180平 /215平,"小高 150平 840-960万
小高180平 1150-1250万
小高215平只有下跃两套1760万",精装,2024年10月底,产品好，品质高，服装街地块位置核心,价格高，做不到入则宁静出则繁华，周边人流量很大
149,环城四区,东丽区,上东金茂晓棠,＞50套,晓棠小高：94-114㎡ 晓棠洋房：101-120㎡,"晓棠小高94㎡：192-205万
晓棠小高114㎡：240-245万
晓棠洋房101㎡：248-260万
晓棠洋房120㎡：320-330万",精装,晓棠一期 2026/6 晓棠二期2027/4,产品好，物业好，开发商好，规划好，地铁近,大饼，览秀城还没动呢，真的再造一座城。周边设施完善需要太长时间。
150,环城四区,津南区,中国铁建·花语澜廷,＞50套,毛坯洋房139㎡,"139平260万
只剩二楼顶楼",毛坯,2024-06-30 00:00:00,临近地铁，价格适中,国展大饼，消化不良，价格降了n次
151,环城四区,津南区,融金财富中心,＞50套,高层33-1000㎡,28万～800万,毛坯,现房,现房，便宜,公寓，年限问题，流通性问题
152,环城四区,西青区,绿城桂语朝阳,＞50套,高层：76、89、108、115、126㎡,高层：76㎡:79-85万，89㎡:105-125万，108㎡:140-155万，115㎡:135-155万，126㎡:160-170万,毛坯,一期现房，二期2025年6月,绿城品质好，户型相对还可以，可选性多,大寺边缘位置，周边慌的很，配套差
153,环城四区,西青区,万科翡翠嘉和,10-50套,洋房：119/133㎡,"119㎡：275-300万
133㎡：340万",精装,2025.6月,中北配套成熟，小区现房准现房，绿化好南侧南运河,北侧高铁噪音，小区户型较差，可选性低
154,市内六区,红桥区,中交春风景里,＞50套,高层：77/89/100/112平/126平；,"一期高层：
126平245-255万
二期高层（价差5万）
77平140万；
89平157万；
100平177万；
112平198万；
126平222万",简装,一期现房 二期25年12月底,价格便宜，市区上车门槛，央企开发，绿城物业,户型一般，设计老，红桥边缘位置，双环屯板块
158,市内六区,河东区,中交春映海河,＞50套,小高:95/120/128/140平,"洋房128平米：460-490万
小高95平米：320-350万
小高120平米：420-440万
小高140平米：530-560万",精装,现房,海河旁边，可选性多,不能直观海河，价格高，周边城市界面一般。
160,远郊五区,静海区,津铁镜界,＞50套,洋房：80/90/108/142；叠拼:上叠132平，下叠售罄,"洋房：80平 100-117万左右，90平127-140万左右，108平133-165万左右，142平185-208万左右
别墅：132平上叠200万左右",毛坯 /精装（住宅80/90平精装）,一期2025年10月底，二期2026年3月底,产品力强，户型好，纯洋房,团泊西相对好一些但是项目处于板块最南侧，周边配套一个养老院剩下啥也没有南侧村里
161,环城四区,北辰区,龙曜城,＞50套,高层：89㎡、110m ²洋房：123㎡、140㎡、176㎡,"高层89平米137-160万；高层110㎡167-190万，
洋房123㎡270-290万,140㎡295-330万，176㎡390-420万",毛坯,2025/12/31/和2026/4/30和2026/6/30,产品力强，龙湖园林一流，物业不错，中环线旁,板块周期长，未来很长时间生活在嘈杂环境中。
162,环城四区,北辰区,绿城锦玉兰,10-50套,洋房106/126/143,106平米:240-255万 126平米：295-310万 143平米:345万-360万,精装,2026-10-01 00:00:00,产品力强，绿城源于江南园林，绿化，服务都很不错。,大户型为主，周边城市界面一般，地缘性改善可看，刚需刚改不太友好。
163,环城四区,北辰区,金隅金成府,＞50套,82m²，99m²，105m²，116m²,小高层：165-260万；洋房：280-300万,精装,现房,现房即买即住，周边天穆镇生活气息浓郁。,可选行不多，一期价格偏高，属于板块边缘位置
164,环城四区,北辰区,金隅金成熙府,＞50套,79m²，89m²，124m²,小高层：120-230万,精装,现房,即买即住，可选性多一些，价格相对合适一些,项目产品力一般，位置板块内较差。
165,环城四区,津南区,通新润府,＞50套,高层：98.115㎡ 小高92.113㎡ 洋房124㎡,高层：71-95万 小高：79-107万 洋房：113-125万,精装修,现房,价格便宜，现房带装修,偏
166,环城四区,东丽区,恒基旭辉都会江来,＞50套,小高：105m³、洋房：98/112/120平米,小高105平米:163万左右 洋房98平米:160万 洋房112平米:195-215万 洋房122平米:240-270万,毛坯,现房,即买即住，可选，价格合适,旭辉已经不行啦，物业得不到原有品质保障，周边慌的很。地铁远
167,市内六区,河西区,平安泰达金融中心-马场道57号,＞50套,"高层86-91㎡1居
高层119-136㎡2居
高层160-190㎡3居","高层86-91㎡1居：180-200万
高层119-136㎡2居:270-350万",精装,2025-06-01 00:00:00,可选性高，超高层,公寓，年限问题，流通性问题
168,环城四区,东丽区,中建玖樾府,＞50套,小高：85平米 洋房：108㎡,"小高：85平米138-160万，
洋房：108平米 200-230万",毛坯,现房,现房即买即住，价格合适，配套全,产品力一般哇，新立板块位置较差的项目，可选性不多
169,环城四区,东丽区,复地林与里,＞50套,洋房120/140平,"洋房120平米：170-190万
洋房140平米：200-220万",毛坯,现房,便宜，空港二期,空港二期里最差位置，周边没有邻居只有自己，要习惯孤独
174,市内六区,河东区,大华清水湾,＞50套,小高层83//103/106 洋房125/141,"小高层83：245-265万
小高层103：270-280万
小高层106：300-320万
洋房125：370-420万
洋房141：400-500万",精装,2025-12-01 00:00:00,户型好，设计不错，万爱板块可选性多,大华在天津的项目套路深，可以等等准现房现房
176,环城四区,北辰区,北科建·水岸华府,＞50套,小高：79、98、100、104平米,小高：79㎡65万，98、100平米78万，104㎡82-84万,毛坯,现房,便宜，地铁旁,位置干哪去了？五号线终点站只有自己一个项目，孤盘
179,市内六区,红桥区,首创禧瑞府,10-50套,别墅168m²,别墅：470-690万,毛坯,现房,现房，别墅产品，市区稀缺,户型拉胯，北侧火车到，西侧旧厂房，南面快速路
180,环城四区,东丽区,远洋潮起东方,＞50套,洋房115㎡   叠拼142㎡,"洋房114㎡ ：190-210万
叠拼142㎡ ：上叠 310万左右
下叠420万左右（叠拼现房）",毛坯,洋房：2026/5/30   叠拼（现房）,产品不错，空港二期,远洋有一段时间资金问题，空港二期周期问题
181,市内六区,河西区,天房海河湾,＞50套,"53㎡
83㎡
90㎡","53㎡:145万-155万
83㎡:245万左右（仅两套5F/6F）
90㎡:255万-275万",毛坯,现房,价格便宜，可选性多，,天房项目，户型一般。
182,滨海新区,大港区,经纬城市绿洲滨海,＞50套,高层三室136/143㎡高层两室90/108㎡,"高层90平：60-80万 
高层108平：88-100万 
高层143平：120-130万 
高层136平：125-145万左右",毛坯,海佳园2025/6/30、海居园2期2025/11/30、海居5期2026/12月底,现房，刚改，可选性多,偏，一般本地人都很少去，油田本地职工为主
183,市内六区,河东区,路劲太阳城壹号著区,＞50套,高层：99/109/115/127,"99㎡：228万起
109㎡：256万起
115㎡：265万起
127㎡：299万起",精装,2026-06-01 00:00:00,配套成熟，人气很足，大型居住板块，刚需上车门槛,设计老，大高层，地势低，土地年限
184,远郊五区,静海区,天津万达自在澜湾,＞50套,二期80/110/124平；三期85/95/112/144,二期80平95万110平136万左右124平145万左右；三期85平92万左右，95平103万左右，112平128万左右144平172万左右,毛坯,二期2024年11月底，三期2026年6月底,产品力强，户型好，纯洋房,静海万达出现过一段时间问题，城投共同开发，后期品质问题
186,市内六区,河北区,中车津浦智汇港,＞50套,高层76/86/87/89/110/122平米,"76㎡   2室    179万-183万【剩余2/3/18/顶】
87㎡    3室    208万-217万【剩余2/顶】
86㎡    3室    217万-226万【楼层可选】
89㎡    3室    210万-225万【楼层可选】
110㎡   3室    270万-276万【楼层可选】
122㎡   3室    323万-346万【楼层可选】",毛坯,工期在25年年底，合同交房时间写26.3月底,产品力不错，可选，户型多,周边铁路 快速噪音问题，隔壁一条街不太理想，空地还很多待开发
187,环城四区,东丽区,天津华侨城,＞50套,别墅206-280,别墅206-214（联排中户）：189万起；别墅250-170（联排边户）：251万起；双拼251-290平米：300万起,毛坯,现房,环境好，东丽湖，现房央企，天天做过山车,玩可以，住着没那么方便，东丽湖，项目卖了n多年
190,环城四区,北辰区,中储城邦,＞50套,高层 90/110/120 洋房 143 叠拼 135/156,高层 110-165 万 洋房 245 万起 叠拼 255-300 万,毛坯,现房,现房，价格便宜,守住快速路，噪音，产品力，人气
191,环城四区,北辰区,远洋未来城,＞50套,高层：83、89、105㎡小高层：115、118㎡洋房：125、143㎡,"高层：82m²115-130万
89m²135-150万
105m²155-170万
小高层：115m²185-200万
118m²195-220万
洋房：125m²210-300万
142m²240-360万",毛坯/洋房精装/洋房毛坯,"一标段2025年12月
二标段2026年12月",可选性多，周边配套逐步完善，双轨道交通,开发商有一段时间资金出现问题，本地还迁房问题，交付品质问题。
193,市内六区,河北区,和融广场悦湾公馆,＞50套,公寓66/86/92/120平米,"公寓一室61/64/66平米：130-150万
公寓两室86/89平米：190-230万
公寓三室120平米：330万起",精装,现房,现房，便宜,公寓，年限问题，流通性问题
194,环城四区,北辰区,万科运河文化村,＞50套,"高层：86/89/99/101平
洋房：105／120平米","高层：
86平米62-77万
89平米68-86万
99平米77-96万
101平米84-93万
洋房：
105平米110-135万
120平米140-150万",精装/简装,"四期25年12月底
五期26年9月底",便宜，万科物业园林不错,偏到了村里，村中盘，盘中村
195,环城四区,北辰区,新城悦隽风华·悦城,＞50套,小高82平，洋房96平,82平米59-75万；96平米75-85万,毛坯,现房,现房，便宜,同样到了村里面
196,环城四区,东丽区,远洋寛阅时光,＞50套,洋房98/110/120㎡,"洋房98㎡：166万左右
洋房110㎡：190-220万
洋房120㎡：227-240万",精装/毛坯,现房,即买即住，价格合适,远洋有一段时间资金问题，李明庄还迁房多，周边慌
198,市内六区,河西区,天房六合国际,＞50套,小高96/100,96:330-370    100：350-390,毛坯,现房,价格便宜，现房,户型过时，产品一般
199,远郊五区,静海区,天津锦绣学府,10-50套,高层:71.84㎡/80.18㎡,58-73万,毛坯,2025年4月底,便宜,荣盛本身资金问题，西侧大片空地，小区内部品质问题
201,环城四区,东丽区,松江东湖嘉庭,10-50套,高层：78/93,40-58万,毛坯,现房,即买即住，价格合适,东丽湖偏，小区进过抵押，产品力拉胯
203,市内六区,河西区,体北鲁能公馆,＞50套,"高层：81,101,107,117㎡
小高层:136㎡ 
洋房:161-166㎡","高层:81平米:388-410万
101平米:490-510万
107平米:550-570万
117平米:590-610万
小高:136平米:750-820万
洋房:166/161平米:1000-1200万",精装,2023年7月31日，2023年9月30日,可选，体北板块，地缘性为主,产品过时，周边一般
204,环城四区,东丽区,绿城桂月云翠,＞50套,洋房79/89/107/130/143,"79㎡：158-178万
89㎡：178-208万
107㎡：228-258万
130㎡：278-308万
143㎡： 338-368万",毛坯,预计2026年9月30,产品好，物业好，开发商好,空港一期中位置稍差，交付时间稍晚
205,环城四区,津南区,鲁能泰山7号,10-50套,联排215平，商铺60-1200平,联排550万起，商铺120万起,毛坯,现房,商铺和部分别墅,可选性很小
207,远郊五区,宝坻区,珺悦峰,＞50套,高层79、88、97、95、112小高95、97（1楼）,高层79㎡：55-65万；  高层88㎡：65-72万；高层97㎡:75-78万  高层95㎡：80-86万  高层112㎡：90-103万； 小高95、97㎡：86万左右；,毛坯,现房,户型多，价格便宜,位置偏，配套差远郊，价格不稳 
208,远郊五区,宝坻区,玺悦峰,10-50套,高层92、124㎡；小高135㎡,"高层92㎡：94-103万
高层124㎡：133-140万
小高层135㎡：145万左右",毛坯,现房,现房，房源不多,位置偏，配套差远郊，价格不稳 
209,远郊五区,宝坻区,中交香颂,＞50套,高层：90、101平洋房93、123、143,高层：65-150万,毛坯,现房,央企背景，户型不错，价格合适现房,位置偏，配套差远郊，价格不稳 
213,远郊五区,宝坻区,弘业云邸,10-50套,126-211平米,"126平米：（145万-150万
142平米：（155万-168万）
149平米：（190万-195万）
164平米：（220万-240万）
211 平米：（310万-320万）",毛坡,2026-10-01 00:00:00,大户型偏改善，地缘性,位置偏，配套差远郊，价格不稳 
214,市内六区,河东区,津铁格调罗宁花园,＞50套,小高89/102㎡  洋房107/127㎡,"小高89㎡：250-270万
小高102㎡：290-320万
洋房107㎡:360-390万
洋房127㎡：430-470万",毛坯,2027-05-30 00:00:00,园林品质好，可选性多,大期房，位置王串场，价格高。
215,环城四区,东丽区,城投时代之城,＞50套,"2#、3#4#小高89中户、104边户；
6#16#中户84平、边户89平；
10#11#洋房118平；
15#洋房139平；
1#7#13#14#售罄","2#、3#4#小高89中户140-160万、
边户104平178-200
6#16#小高中户84平137-155万、
边户89平150-170万
10#11#洋房118平240-260万；
8#、15#洋房139平285-324万",毛坯（团装项目）,2025-10-01 00:00:00,户型多，可选，位置不错,赵沽里板块周期长，项目还处于一期 后面还有五块地待开发，主干路交汇处
216,环城四区,东丽区,中建玖棠府,＞50套,95-115-125㎡,"95㎡：68-85万
115㎡：78-100万
125㎡：100-115万",毛坯,现房,东丽湖环境不错，价格便宜，可选,产品力一般，对于其他板块内项目稍贵，配套问题
217,环城四区,东丽区,中交雅郡·城东春晓,＞50套,"小高层：75/82/85/87/89/95
洋房：95/100/106/110//118/125","小高层：
75㎡：92万-110万
82㎡：106万-112万
85㎡：113万-120万
87㎡：116万-117万
89㎡：121万-130万
95㎡：135万-145万
洋房：
95㎡：140万
100㎡：150万－160万
106㎡：160万－260万 
110㎡：165万－170万 
118㎡：182万—205万
125㎡：240万－255万",二/三期简装/四期毛坯,二期现房，三期现房，四期2025/10/31,金钟街板块，价格合适，可选性多，一共四期，地铁上盖，人气足,有个庙在小区隔壁，隔壁五金城
218,环城四区,东丽区,中国铁建·花语尚东,＞50套,"一期洋房：113，125；二期小高：84/105，洋房：93/110/125/142
三期小高：75/84/86/99","小高层：
74㎡：90万-96万
84㎡：99万-145万
86㎡：107万-115万
99㎡：120万-130万
105㎡：135万
洋房：
93㎡：145万
110㎡：180万－230万
125㎡：235万－265万 
143㎡：280万－310万",毛坯,一期现房，二期：2024年12月底，三期：2025年底,产品力不错，可选，央企开发自持物业,价格板块内稍高，刚需合适，改善谨慎
